<b>HOT</b> STUFF_ 카페 편 (01),http://blog.naver.com/infunny?Redirect=Log&amp;logNo=221089929009,걷지말고 춤추듯 살아_ ㄹim,http://blog.naver.com/infunny,20170905
배틀그라운드 <b>HOT</b>게임,http://blog.naver.com/pointreal?Redirect=Log&amp;logNo=221090672789,B형남자 story's,http://blog.naver.com/pointreal,20170906
"[beijing / 왕돈까스, 오무라이스] Mr.<b>Hot</b>",http://blog.naver.com/falala79?Redirect=Log&amp;logNo=221091286549,베이징 라이프 since 20160817(혼자 노는 곳),http://blog.naver.com/falala79,20170907
제주도 공항근처 흑돼지 <b>HOT</b>한 맛집,http://blog.naver.com/gorakk58?Redirect=Log&amp;logNo=221085063770,알콩달콩 다락방,http://blog.naver.com/gorakk58,20170829
[What's <b>Hot</b>] 유통 업계 전문몰 시대 재점화?,http://blog.naver.com/fcblog?Redirect=Log&amp;logNo=221090283813,no.1 패션 전문지 패션채널 공식 블로그,http://blog.naver.com/fcblog,20170906
과냉각 2 <b>hot</b> ice,http://blog.daum.net/okgood8886/6889457,천안 단대원룸,http://blog.daum.net/okgood8886,20170901
강남역술집 요즘<b>HOT</b>한 언더그라운드,http://blog.naver.com/woawoavh?Redirect=Log&amp;logNo=221079612777,규댕이야기,http://blog.naver.com/woawoavh,20170823
Design : I'm So <b>Hot</b>! 불량이 아닙니다.,http://blog.naver.com/delta11d?Redirect=Log&amp;logNo=221090741839,장안인테리어 010-6626-5245 무료전화080-244-0482,http://blog.naver.com/delta11d,20170906
피끓는 청춘. <b>Hot</b> Young Bloods. 2014,http://blog.daum.net/doldu/18328534,movie room,http://blog.daum.net/doldu,20170829
천안오피스텔 <b>HOT</b>한 ‘빅토리아빌’,http://blog.naver.com/pclhee?Redirect=Log&amp;logNo=221074945468,뷰티로 한걸음#,http://blog.naver.com/pclhee,20170816
2017 영양고추 H.O.T 페스티벌,http://blog.naver.com/cjdtla002?Redirect=Log&amp;logNo=221090038501,그곳에 가면,http://blog.naver.com/cjdtla002,20170905
평창역 진부역 시흥시청역 토지 <b>HOT</b>한 이유!!,http://blog.naver.com/syd9609?Redirect=Log&amp;logNo=221070252313,전국 부동산 분양정보,http://blog.naver.com/syd9609,20170809
초소형캠코더 <b>hot</b>한 뇨석들^^,http://newnc.tistory.com/441,뉴엔씨,http://newnc.tistory.com/,20170828
[Hotwheels] 스타워즈 비행선 시리즈~,http://blog.naver.com/za0q12?Redirect=Log&amp;logNo=221087639027,웰컴 투 반스톰's,http://blog.naver.com/za0q12,20170902
호텔스닷컴 8월 할인코드 <b>HOT</b>해!!,http://blog.naver.com/herbjh1103?Redirect=Log&amp;logNo=221073986335,세계를 내 품안에 - SOYO,http://blog.naver.com/herbjh1103,20170815
"갈루찌 for The Edit, August 17th, 2017 / <b>Hot</b> Property",http://blog.naver.com/istyleamy?Redirect=Log&amp;logNo=221082132315,The 스타일그라운드,http://blog.naver.com/istyleamy,20170825
IR reflow 와 <b>Hot</b> Air Convection reflow 차이점,http://blog.daum.net/ireflow/1165,Reflow 의 모든 것,http://blog.daum.net/ireflow,20170907
DO NOT TOUCH ! <b>HOT</b> <b>HOT</b> ! [원두납품],http://blog.naver.com/togo112?Redirect=Log&amp;logNo=221085484494,퀘스트빈,http://blog.naver.com/togo112,20170830
양양 가볼만한곳 휴휴암 여긴 <b>hot</b> 한 곳,http://blog.naver.com/usgreen99?Redirect=Log&amp;logNo=221047613922,에릭샘의 즐거운 나들이,http://blog.naver.com/usgreen99,20170709
"연예인 직거래 체험기 '개이득2' H.O.T.부터 선미, 로이킴까지!",http://blog.naver.com/jtbc_2?Redirect=Log&amp;logNo=221084883885,"색다른 즐거움, JTBC2",http://blog.naver.com/jtbc_2,20170829
<b>HOT</b> Product 제이에스케이 ‘아시메딘정’,http://blog.naver.com/dailygaewon?Redirect=Log&amp;logNo=221084055757,데일리개원,http://blog.naver.com/dailygaewon,20170903
"혜주 숙소 정보, Xilin Nan-Kun-Shan <b>Hot</b> Spring Hotel",http://kirena.tistory.com/entry/%ED%98%9C%EC%A3%BC-%EC%88%99%EC%86%8C-%EC%A0%95%EB%B3%B4-Xilin-Nan-Kun-Shan-Hot-Spring-Hotel,럭셔리여행,http://kirena.tistory.com/,20170901
가평 수상레저 <b>Hot</b>해 <b>Hot</b>해,http://blog.naver.com/mook3131?Redirect=Log&amp;logNo=221060339726,"인생, 여행 그리고 순간",http://blog.naver.com/mook3131,20170726
분당 미용실 <b>HOT</b>썸머 이벤트 짜잔~~☆,http://blog.naver.com/eui0903?Redirect=Log&amp;logNo=221057444524,시크릿로즈의 푸드스토리 ♤,http://blog.naver.com/eui0903,20170722
뜨거운 욕조 보트 (The <b>Hot</b> Tub Boat) 리뷰,http://blog.naver.com/rainy8841?Redirect=Log&amp;logNo=221047403802,이영현의 상품리뷰,http://blog.naver.com/rainy8841,20170709
[몽골이 몽골몽골] <b>hot</b> pot 과 징기스칸 광장,http://blog.naver.com/chubby_face?Redirect=Log&amp;logNo=221079075599,넌 사막에 누워 별을 본 적이 있니?,http://blog.naver.com/chubby_face,20170821
말레이시아 쁘렌티안 여행-현지인들의 소풍장소 la <b>hot</b> spring,http://blog.naver.com/4fkdgoyou?Redirect=Log&amp;logNo=221084211303,get some rest,http://blog.naver.com/4fkdgoyou,20170828
"위풍당당 넥센타이어 이야기! 8월, NEXEN TIMES-<b>Hot</b> Issue",http://blog.naver.com/nexen_tire?Redirect=Log&amp;logNo=221089133420,넥센타이어 공식 블로그,http://blog.naver.com/nexen_tire,20170904
폴딩도어를 <b>HOT</b>강타의 강아지하우스에 시공 !,http://blog.naver.com/kimsajang002?Redirect=Log&amp;logNo=221081009287,더존시스템 폴딩도어,http://blog.naver.com/kimsajang002,20170824
&quot;In <b>hot</b> water&quot;,http://blog.naver.com/daveenglish?Redirect=Log&amp;logNo=221071672399,Dave's Den,http://blog.naver.com/daveenglish,20170811
어른도 아이도 행복한 &lt;<b>HOT</b>하게 떠오르는 키즈카페 추천!&gt;,http://blog.naver.com/gico12?Redirect=Log&amp;logNo=221092222266,시티디자이너 경기도시공사,http://blog.naver.com/gico12,20170908
올뉴쏘렌토 2018년형 장기렌트 지금이 제일 <b>hot</b>!,http://blog.naver.com/sjp3448?Redirect=Log&amp;logNo=221082636500,김지명대리 의 카스토리,http://blog.naver.com/sjp3448,20170826
"차량 쿨링 꿀팁, <b>HOT</b> SUMMER도 문제없다!",http://blog.socar.kr/6739,대한민국 1등 카셰어링 쏘카!,http://blog.socar.kr/,20170825
성주봉휴양림 한 여름밤 <b>HOT</b> 페스티벌』성황리 종료,http://blog.daum.net/r2225/8725556,상주로컬신문,http://blog.daum.net/r2225,20170814
Adding IoT Flare to a <b>Hot</b> Springs and Spa Business,"http://www.linuxjournal.com/content/adding-iot-flare-hot-springs-and-spa-business?page=0,4",Linux Journal - The Original Magazine of the Linux Community,http://www.linuxjournal.com/,20170817
<b>HOT</b>하게 출시된 동원 8월 신제품 소식!,http://blog.naver.com/dongwon_well?Redirect=Log&amp;logNo=221082129617,동원F&B 블로그-우리들의 건강한 이야기,http://blog.naver.com/dongwon_well,20170825
바이미나 <b>hot</b> 이슈 크로스 샌들 _브라운,http://blog.naver.com/riflemp5?Redirect=Log&amp;logNo=221090130153,아시잖아요.,http://blog.naver.com/riflemp5,20170905
Best Pick: MegRhythm Steam <b>Hot</b> Eye Mask,http://www.ratzillacosme.com/reviews/best-pick-megrhythm-steam-hot-eye-mask/,RatzillaCosme,http://www.ratzillacosme.com/,20170802
싼타페 장기렌트 <b>HOT</b> SALE NOW!,http://blog.naver.com/cariste_?Redirect=Log&amp;logNo=221032470637,CHO's STORY,http://blog.naver.com/cariste_,20170619
"대만 85도씨, 소금커피 <b>HOT</b> and ICE",http://blog.naver.com/minimemoon?Redirect=Log&amp;logNo=221071415160,빵아리월드:D,http://blog.naver.com/minimemoon,20170811
원포인트로 <b>HOT</b>하게! 썸머 바캉스 메이크업,http://blog.naver.com/lirikosblog?Redirect=Log&amp;logNo=221076607655,리리코스,http://blog.naver.com/lirikosblog,20170818
저렴한 역삼동 신축부지 매매 <b>hot</b>한 매물,http://blog.naver.com/allforspace?Redirect=Log&amp;logNo=221075954286,공간을 위한 모든것,http://blog.naver.com/allforspace,20170817
인천에서 즐기는 &lt;<b>Hot</b> Summer 바캉스&gt; 이벤트,http://blog.naver.com/discoverincheon?Redirect=Log&amp;logNo=221063521583,인천관광공사 공식 블로그,http://blog.naver.com/discoverincheon,20170731
핫도그 만들기 게임 - <b>Hot</b> Dog Bush,http://simplegame.tistory.com/2540,심플게임,http://simplegame.tistory.com/,20170731
&lt;전주객사맛집&gt;객리단길 고사동빌리지 <b>hot</b>!!,http://blog.naver.com/zzz851?Redirect=Log&amp;logNo=221057482613,빼빼시의 뚱뚱한 날,http://blog.naver.com/zzz851,20170722
DONNA SUMMER - <b>HOT</b> STUFF / (미국)도나 썸머 - 핫 스터프,http://blog.naver.com/qmffkdzk82?Redirect=Log&amp;logNo=221082493690,Bianca Musikzimmer,http://blog.naver.com/qmffkdzk82,20170826
칠성사이다와 함께 ‘나만의 <b>Hot</b>한 여행지’를 공유해보세요,http://blog.naver.com/blogchilsung?Redirect=Log&amp;logNo=221043982775,롯데칠성음료 공식 블로그★,http://blog.naver.com/blogchilsung,20170704
비슬로우 샘플세일 퀄리티와 <b>HOT</b>함이 공존!,http://blog.naver.com/ghdi3515?Redirect=Log&amp;logNo=221077446192,One and only Magazine By HOHOSI,http://blog.naver.com/ghdi3515,20170819
[강릉행사] <b>HOT</b>하고 HIP한 강릉 경포대해수욕장 SUMMER PARTY... ,http://blog.naver.com/pinegn?Redirect=Log&amp;logNo=221059287820,강릉시청공식블로그,http://blog.naver.com/pinegn,20170725
청소년수련관 정기공연 축제  '<b>HOT</b> ISSUE',http://blog.naver.com/gyeyang_gu?Redirect=Log&amp;logNo=221070827998,계양구청 공식 블로그,http://blog.naver.com/gyeyang_gu,20170810
Baseball’s ‘<b>Hot</b> Hand’ Is Real,https://fivethirtyeight.com/features/baseballs-hot-hand-is-real/,Baseball – FiveThirtyEight,https://fivethirtyeight.com/,20170811
*<b>HOT</b> HAN 스튜디오 반다나 후기*,http://blog.naver.com/palice1024?Redirect=Log&amp;logNo=221088512381,"♥OH, MY WONDERLAND♥",http://blog.naver.com/palice1024,20170903
Linux-Powered Wireless <b>Hot</b> Spots,http://www.linuxjournal.com/article/6887,Linux Journal - The Original Magazine of the Linux Community,http://www.linuxjournal.com/,20170817
고강동신축빌라 <b>Hot</b> Place,http://blog.naver.com/sunlok8270?Redirect=Log&amp;logNo=221046717040,빌라나라 태과장,http://blog.naver.com/sunlok8270,20170708
[태국 피피섬 맛집] 로컬 마켓의 <b>hot</b> port 와 BBQ ^^,http://blog.naver.com/lemon_coral?Redirect=Log&amp;logNo=221077038435,[태국 피피섬 월드다이브]이안쌤 다이빙가자!!,http://blog.naver.com/lemon_coral,20170818
<b>hot</b> pi 03 &lt; SD ~ MSD &gt;,http://blog.naver.com/akito012?Redirect=Log&amp;logNo=221066162658,매드 플로우 MAD FLOW,http://blog.naver.com/akito012,20170803
[Hotwheels]  왔으면 까야지 3개봉~~,http://blog.naver.com/za0q12?Redirect=Log&amp;logNo=221070358326,웰컴 투 반스톰's,http://blog.naver.com/za0q12,20170809
"요즘 <b>HOT</b>한 남친룩, 여기 다 모여!",http://blog.naver.com/yourstylist_?Redirect=Log&amp;logNo=221037541278,남자코디 유어스타일리스트,http://blog.naver.com/yourstylist_,20170626
[hotwheels] Custom Volkswagen Hauler(Track Stars),http://blog.naver.com/poohome?Redirect=Log&amp;logNo=221085525689,내 하늘엔 항상 삼색무지개가 떠있다~~^^,http://blog.naver.com/poohome,20170830
다낭 자유여행 일정 : <b>Hot</b> Spings Park 워터파크!!,http://blog.naver.com/jin0078282?Redirect=Log&amp;logNo=221065127641,사하의 여행은 언제나 옳다,http://blog.naver.com/jin0078282,20170802
[뉴스레터 2017.8] K-MOOC <b>HOT</b> CLASS : 중독의 심리학,http://blog.naver.com/nile_kr?Redirect=Log&amp;logNo=221076760692,100세 시대 모두에게 기회와 희망을 주는 평생교육,http://blog.naver.com/nile_kr,20170818
불티나게 팔리다 영어로 !? SELL LIKE <b>HOT</b> CAKES !,http://blog.naver.com/koreanstyl3?Redirect=Log&amp;logNo=221077522145,날라리Dave의 NalariDave.com,http://blog.naver.com/koreanstyl3,20170819
비봉 서희스타힐스 뜨거운 관심 <b>HOT</b>!,http://blog.naver.com/ghkdtjsdnr99?Redirect=Log&amp;logNo=221008749955,☎ S PLAN 부동산 정보집 ☎,http://blog.naver.com/ghkdtjsdnr99,20170518
&lt;<b>HOT</b> SUMMER ~ HELLO SUMMER~&gt; 화정창조의아침 여름전시회~,http://blog.naver.com/hjca1?Redirect=Log&amp;logNo=221064510570,화정 창조의 아침 미술학원,http://blog.naver.com/hjca1,20170801
6월 <b>HOT</b> DEAL 코치백팩 F38288 BLACK,http://blog.naver.com/masonst66?Redirect=Log&amp;logNo=221020565765,Eya's Market in California,http://blog.naver.com/masonst66,20170603
<b>hot</b> flame,http://blog.naver.com/khb7998?Redirect=Log&amp;logNo=221093222330,배아 작업실 : BAEA WORKs,http://blog.naver.com/khb7998,20170909
<b>Hot</b> mounting press - 핫마운팅프레스,http://blog.naver.com/00811022?Redirect=Log&amp;logNo=221064258846,한국기술교육대학교 공용장비센터,http://blog.naver.com/00811022,20170801
"여름을 견디는 법, COOL &amp; <b>HOT</b> - 1",http://blog.naver.com/barndining_?Redirect=Log&amp;logNo=221053879131,Bar&Dining Magazine,http://blog.naver.com/barndining_,20170718
2017년 <b>Hot</b> 소비자 트렌드,http://www.marketcast.co.kr/2321,디지털마케팅 커뮤니케이션 전략 트렌드 마켓캐스트,http://www.marketcast.co.kr/,20170810
대학생 여름방학 알바 핫하게 <b>hot</b>,http://blog.daum.net/brfcmcgcinsz/527,부리는 게 아닌가,http://blog.daum.net/brfcmcgcinsz,20170626
용산카메라 <b>HOT</b>정보 캐논800d,http://blog.naver.com/damoparksu?Redirect=Log&amp;logNo=220998926011,호방샤방팔방,http://blog.naver.com/damoparksu,20170505
in <b>hot</b> water 공경에 빠지다,http://blog.naver.com/bluewater_33?Redirect=Log&amp;logNo=221083212519,블루워터의 꿈,http://blog.naver.com/bluewater_33,20170827
암보험비교사이트 꼭봐야할 <b>Hot</b>한정보,http://blog.naver.com/kana70779?Redirect=Log&amp;logNo=221012896891,카나의 이카나 저카나,http://blog.naver.com/kana70779,20170524
수원무브댄스학원 <b>Hot</b> Clip 영상,http://blog.naver.com/movedancesw?Redirect=Log&amp;logNo=221091531867,무브댄스 수원점,http://blog.naver.com/movedancesw,20170907
최고의 품질 청정먹거리 &quot;영양고추 <b>HOT</b> 페스티벌&quot;,http://blog.daum.net/ecoincheon/15713473,백두한라,http://blog.daum.net/ecoincheon,20170906
동탄 파크페리온 <b>hot</b> issue~~!,http://blog.naver.com/dbvsqudwls?Redirect=Log&amp;logNo=221038449143,무유와 함께 하는 모델하우스 / 분양 소식!!,http://blog.naver.com/dbvsqudwls,20170627
"코스타리카 관광지 - La fortuna, Baldi <b>Hot</b> Spring",http://blog.naver.com/antonio1978?Redirect=Log&amp;logNo=221059842893,중미 Coffee & Culture report,http://blog.naver.com/antonio1978,20170726
구산역피부과 <b>hot</b>해~,http://blog.naver.com/fdg5sdaf?Redirect=Log&amp;logNo=221067614268,나인피부과의원,http://blog.naver.com/fdg5sdaf,20170805
[SNS이벤트]<b>HOT</b> SUMMER 순성 카시트 바캉스 인증샷 이벤트,http://blog.naver.com/soonsung99?Redirect=Log&amp;logNo=221073572337,가장 안전한 약속 순성,http://blog.naver.com/soonsung99,20170814
<b>Hot</b>한 프로포즈장소,http://blog.naver.com/eventbom?Redirect=Log&amp;logNo=221032619711,프로포즈봄♥,http://blog.naver.com/eventbom,20170619
호주 브리즈번 맛집 * 핫팟 뷔페 <b>hot</b> pot buffet 100degree,http://blog.naver.com/princess612?Redirect=Log&amp;logNo=221057517397,산뜻한 바람에 향긋한 꽃향기를 맡으며,http://blog.naver.com/princess612,20170723
<b>HOT</b>수상레저 가평빠지중에 최고,http://blog.naver.com/jdhsjy?Redirect=Log&amp;logNo=221004123197,지금이순간이 내인생의 황금기♥,http://blog.naver.com/jdhsjy,20170512
<b>Hot</b> Stuff,http://blog.daum.net/50dkcjs50/2809,복지 - 날마다 좋은 날이 되소서,http://blog.daum.net/50dkcjs50,20170723
"[광주대  <b>Hot</b>뉴스]  광주대학교 GTEP 사업단, 라스베이거스와... ",http://blog.naver.com/gwangjudae?Redirect=Log&amp;logNo=221080980379,취업 창업중심 교육명문대학 광주대학교,http://blog.naver.com/gwangjudae,20170824
"BHC 뿌링클<b>HOT</b>, 맛있었던 뿌링클 후기 :P",http://blog.naver.com/seohyeyeong?Redirect=Log&amp;logNo=221047291040,서꿀빰,http://blog.naver.com/seohyeyeong,20170709
코니아일랜드 'Nathan's <b>Hot</b> Dog',http://blog.naver.com/dumjigi1?Redirect=Log&amp;logNo=221045735861,꿀만두가 이것저것 먹는다,http://blog.naver.com/dumjigi1,20170706
[멜번맛집] 멜번 길거리 음식: 멜번 간식 <b>Hot</b> Star... ,http://blog.naver.com/melbourne070?Redirect=Log&amp;logNo=221060785516,멜번의 코코스토리,http://blog.naver.com/melbourne070,20170727
"국내 서핑 스팟, <b>Hot</b>한 양양, 부산으로 Go Go!",http://blog.naver.com/kranrym?Redirect=Log&amp;logNo=221055005549,Make you VAP,http://blog.naver.com/kranrym,20170719
FOREVER H.O.T.,http://blog.naver.com/pledge_el?Redirect=Log&amp;logNo=221091173471,SECRET DESIRE.,http://blog.naver.com/pledge_el,20170907
호락 (Horock) - <b>HOT</b> &amp; COLD (20170831),http://blog.naver.com/luminantent?Redirect=Log&amp;logNo=221086103565,루미넌트엔터테인먼트,http://blog.naver.com/luminantent,20170831
부탄의 전통 목욕 – <b>Hot</b> Stone Bath,http://blog.naver.com/nishachoi?Redirect=Log&amp;logNo=221047298437,세상은 넓고 갈데는 많다,http://blog.naver.com/nishachoi,20170709
터보 - 뜨거운 설탕 (<b>Hot</b> Sugar),http://junnyten.tistory.com/417,박츄리닝 블로그,http://junnyten.tistory.com/,20170828
2017 <b>HOT</b>6 GSL S3 Code S 16강 진출자 및 통계,http://tcrash.tistory.com/3625,구라시의 세상...,http://tcrash.tistory.com/,20170808
Pease porridge <b>Hot</b>,http://blog.naver.com/iceberryo?Redirect=Log&amp;logNo=221081027656,판타스쿨,http://blog.naver.com/iceberryo,20170825
<b>HOT</b>한 여름 제주도 스킨스쿠버 체험다이빙으로~!,http://blog.naver.com/padi328366?Redirect=Log&amp;logNo=221056774047,제주도 불꽃사나이 파랑고래~♥,http://blog.naver.com/padi328366,20170721
DIAMANTE - Coming In <b>Hot</b> 해석,http://blog.naver.com/lethisha?Redirect=Log&amp;logNo=221078635220,Rock음악 해석집,http://blog.naver.com/lethisha,20170822
네이버 블로그 <b>Hot</b> Topic에 소개됐네요,http://blog.naver.com/jochristina?Redirect=Log&amp;logNo=221082782949,봄길 가다가멈춰서서,http://blog.naver.com/jochristina,20170827
(무조건 <b>hot</b> 한 세일)침대 세일합니다~~,http://blog.naver.com/jwyd03?Redirect=Log&amp;logNo=221000305436,신통방통,http://blog.naver.com/jwyd03,20170507
12 Unexpected Benefits of Drinking <b>Hot</b> Water,http://blog.naver.com/dawn0158?Redirect=Log&amp;logNo=221053703378,Morning Sunrise Co.,http://blog.naver.com/dawn0158,20170718
"자, 모두에게 김형중 <b>Hot</b> <b>Hot</b> <b>Hot</b>",http://blog.naver.com/dscl2010?Redirect=Log&amp;logNo=221071982407,대신크린,http://blog.naver.com/dscl2010,20170812
